waktu,brand,retail,production,sale
2011-01-01,DAIHATSU,11008,12590,12590
2011-01-01,HONDA,4027,4843,4928
2011-01-01,MITSUBISHI,10694,8606,10673
2011-01-01,SUZUKI,6253,7577,6630
2011-01-01,TOYOTA,26355,27973,27619
2011-02-01,DAIHATSU,10018,9959,9958
2011-02-01,HONDA,4044,3771,4558
2011-02-01,MITSUBISHI,9196,9054,10480
2011-02-01,SUZUKI,5722,7474,6802
2011-02-01,TOYOTA,25560,24160,25532
2011-03-01,DAIHATSU,11168,10086,10186
2011-03-01,HONDA,4505,3773,4193
2011-03-01,MITSUBISHI,12278,11176,13074
2011-03-01,SUZUKI,7626,8403,8016
2011-03-01,TOYOTA,32943,30678,32275
2011-04-01,DAIHATSU,10857,8160,8160
2011-04-01,HONDA,3519,1960,2056
2011-04-01,MITSUBISHI,11000,8657,10913
2011-04-01,SUZUKI,6585,7515,7256
2011-04-01,TOYOTA,21729,20723,21128
2011-05-01,DAIHATSU,10803,10433,10453
2011-05-01,HONDA,3914,2185,3673
2011-05-01,MITSUBISHI,9598,9016,11048
2011-05-01,SUZUKI,7205,8110,7520
2011-05-01,TOYOTA,20582,20206,19554
2011-06-01,DAIHATSU,11097,11020,11075
2011-06-01,HONDA,3938,2237,2165
2011-06-01,MITSUBISHI,10303,9161,11009
2011-06-01,SUZUKI,7070,8256,7519
2011-06-01,TOYOTA,26216,25618,26175
2011-07-01,DAIHATSU,13138,13661,14107
2011-07-01,HONDA,4705,4995,5234
2011-07-01,MITSUBISHI,11370,11750,13724
2011-07-01,SUZUKI,8483,8844,9258
2011-07-01,TOYOTA,30184,32019,30149
2011-08-01,DAIHATSU,11569,10711,11132
2011-08-01,HONDA,4854,4375,4600
2011-08-01,MITSUBISHI,10743,7266,8902
2011-08-01,SUZUKI,7505,7907,7445
2011-08-01,TOYOTA,26151,27590,25207
2011-09-01,DAIHATSU,11268,12485,12723
2011-09-01,HONDA,4376,4457,4887
2011-09-01,MITSUBISHI,9689,7110,7749
2011-09-01,SUZUKI,7421,9629,8261
2011-09-01,TOYOTA,30041,32631,30655
2011-10-01,DAIHATSU,13289,12425,13065
2011-10-01,HONDA,4133,3611,4024
2011-10-01,MITSUBISHI,11417,9690,11495
2011-10-01,SUZUKI,8721,11379,9271
2011-10-01,TOYOTA,31160,31791,31109
2011-11-01,DAIHATSU,11638,10039,10311
2011-11-01,HONDA,3587,2716,2907
2011-11-01,MITSUBISHI,11448,10794,13532
2011-11-01,SUZUKI,8981,11161,8732
2011-11-01,TOYOTA,16771,17576,15195
2011-12-01,DAIHATSU,11313,15134,15784
2011-12-01,HONDA,3772,1921,2191
2011-12-01,MITSUBISHI,11609,12262,11817
2011-12-01,SUZUKI,9007,9575,7859
2011-12-01,TOYOTA,26725,28682,26076
2012-01-01,DAIHATSU,13038,13120,13345
2012-01-01,HONDA,1901,1583,1553
2012-01-01,MITSUBISHI,10671,8963,11941
2012-01-01,SUZUKI,7889,4561,5600
2012-01-01,TOYOTA,29010,35405,28675
2012-02-01,DAIHATSU,12758,13214,13556
2012-02-01,HONDA,1808,2312,1904
2012-02-01,MITSUBISHI,11162,11465,12642
2012-02-01,SUZUKI,7701,8732,8488
2012-02-01,TOYOTA,33752,37564,32574
2012-03-01,DAIHATSU,13303,12665,13198
2012-03-01,HONDA,3934,4348,4686
2012-03-01,MITSUBISHI,11758,9803,11982
2012-03-01,SUZUKI,7851,6674,7176
2012-03-01,TOYOTA,33847,38245,32382
2012-04-01,DAIHATSU,13473,13112,13664
2012-04-01,HONDA,3496,3641,3732
2012-04-01,MITSUBISHI,11347,10204,12020
2012-04-01,SUZUKI,7250,6432,6791
2012-04-01,TOYOTA,34270,37469,33135
2012-05-01,DAIHATSU,14151,12878,13112
2012-05-01,HONDA,4955,6611,6733
2012-05-01,MITSUBISHI,12424,11122,12368
2012-05-01,SUZUKI,9712,12101,12012
2012-05-01,TOYOTA,35073,36887,33447
2012-06-01,DAIHATSU,14233,13126,13444
2012-06-01,HONDA,6570,6566,7410
2012-06-01,MITSUBISHI,12123,11317,13034
2012-06-01,SUZUKI,12121,10712,11389
2012-06-01,TOYOTA,35618,38135,35708
2012-07-01,DAIHATSU,14353,13239,13995
2012-07-01,HONDA,6433,6266,7486
2012-07-01,MITSUBISHI,13131,11784,12313
2012-07-01,SUZUKI,11511,13019,13233
2012-07-01,TOYOTA,35806,38166,35034
2012-08-01,DAIHATSU,11296,10430,11028
2012-08-01,HONDA,4865,3176,5040
2012-08-01,MITSUBISHI,9666,8220,9195
2012-08-01,SUZUKI,10125,9253,10125
2012-08-01,TOYOTA,25857,27915,24502
2012-09-01,DAIHATSU,13608,14523,15322
2012-09-01,HONDA,6236,4721,6968
2012-09-01,MITSUBISHI,11130,9510,11475
2012-09-01,SUZUKI,13311,13461,13068
2012-09-01,TOYOTA,32928,37679,23996
2012-10-01,DAIHATSU,14018,14260,14882
2012-10-01,HONDA,8406,6562,6284
2012-10-01,MITSUBISHI,15666,10215,12738
2012-10-01,SUZUKI,14015,15271,15655
2012-10-01,TOYOTA,32052,41019,26280
2012-11-01,DAIHATSU,14248,14217,14637
2012-11-01,HONDA,6547,5764,7653
2012-11-01,MITSUBISHI,13452,11597,14312
2012-11-01,SUZUKI,12510,15253,14390
2012-11-01,TOYOTA,34040,41206,35845
2012-12-01,DAIHATSU,14589,12483,12559
2012-12-01,HONDA,9134,4278,6117
2012-12-01,MITSUBISHI,12851,7558,10140
2012-12-01,SUZUKI,11505,7777,8650
2012-12-01,TOYOTA,37258,35773,33411
2013-01-01,DAIHATSU,14071,12877,12734
2013-01-01,HONDA,5472,5967,5746
2013-01-01,MITSUBISHI,13206,11526,13168
2013-01-01,SUZUKI,11262,14798,12929
2013-01-01,TOYOTA,30901,40679,35923
2013-02-01,DAIHATSU,13041,13123,13675
2013-02-01,HONDA,7344,6747,9529
2013-02-01,MITSUBISHI,13615,12173,13705
2013-02-01,SUZUKI,13635,15902,14909
2013-02-01,TOYOTA,32617,39651,35318
2013-03-01,DAIHATSU,14329,15236,15788
2013-03-01,HONDA,7924,7207,11497
2013-03-01,MITSUBISHI,12428,10758,12689
2013-03-01,SUZUKI,12223,8328,8399
2013-03-01,TOYOTA,33670,37224,32726
2013-04-01,DAIHATSU,14755,14693,15426
2013-04-01,HONDA,7900,6692,6707
2013-04-01,MITSUBISHI,12014,11337,12836
2013-04-01,SUZUKI,12366,13831,13602
2013-04-01,TOYOTA,35579,44703,39668
2013-05-01,DAIHATSU,15307,15380,15941
2013-05-01,HONDA,8253,7563,8313
2013-05-01,MITSUBISHI,13447,9959,11819
2013-05-01,SUZUKI,11142,11792,10008
2013-05-01,TOYOTA,35812,41712,36282
2013-06-01,DAIHATSU,15130,14303,14882
2013-06-01,HONDA,8323,6824,7550
2013-06-01,MITSUBISHI,12210,10327,13204
2013-06-01,SUZUKI,13788,15002,15578
2013-06-01,TOYOTA,36727,36548,35125
2013-07-01,DAIHATSU,15938,14753,15477
2013-07-01,HONDA,6890,5958,8505
2013-07-01,MITSUBISHI,14430,11054,14000
2013-07-01,SUZUKI,16905,18347,16838
2013-07-01,TOYOTA,39497,41699,39210
2013-08-01,DAIHATSU,11793,11303,11689
2013-08-01,HONDA,5151,3452,4163
2013-08-01,MITSUBISHI,8225,9293,10487
2013-08-01,SUZUKI,11268,15131,12006
2013-08-01,TOYOTA,26679,27902,24899
2013-09-01,DAIHATSU,15280,16435,18099
2013-09-01,HONDA,8662,7655,7600
2013-09-01,MITSUBISHI,13608,11704,14269
2013-09-01,SUZUKI,14209,19598,16903
2013-09-01,TOYOTA,39162,46485,40235
2013-10-01,DAIHATSU,17210,19849,20445
2013-10-01,HONDA,5781,8591,7629
2013-10-01,MITSUBISHI,16256,11361,15216
2013-10-01,SUZUKI,12390,16593,13257
2013-10-01,TOYOTA,39334,45416,39246
2013-11-01,DAIHATSU,17100,16496,17039
2013-11-01,HONDA,8177,8407,9578
2013-11-01,MITSUBISHI,13731,11789,13964
2013-11-01,SUZUKI,13260,15402,14539
2013-11-01,TOYOTA,40801,45465,40781
2013-12-01,DAIHATSU,17736,14360,14747
2013-12-01,HONDA,9182,6551,4676
2013-12-01,MITSUBISHI,14635,7911,11982
2013-12-01,SUZUKI,17339,13294,15036
2013-12-01,TOYOTA,44029,41805,34819
2014-01-01,DAIHATSU,16838,15787,16084
2014-01-01,HONDA,6695,6653,9635
2014-01-01,MITSUBISHI,12156,12462,13403
2014-01-01,SUZUKI,14217,13963,14687
2014-01-01,TOYOTA,32545,44934,35886
2014-02-01,DAIHATSU,15461,18232,18988
2014-02-01,HONDA,11225,11037,11915
2014-02-01,MITSUBISHI,13228,11522,14393
2014-02-01,SUZUKI,13639,12429,13581
2014-02-01,TOYOTA,33011,48365,38631
2014-03-01,DAIHATSU,15024,15726,16376
2014-03-01,HONDA,13334,13889,14529
2014-03-01,MITSUBISHI,14262,12054,13668
2014-03-01,SUZUKI,14967,19323,14013
2014-03-01,TOYOTA,34120,50606,38959
2014-04-01,DAIHATSU,14592,15317,15694
2014-04-01,HONDA,12991,15320,13024
2014-04-01,MITSUBISHI,11357,11777,13151
2014-04-01,SUZUKI,12455,17666,13739
2014-04-01,TOYOTA,34271,50308,39323
2014-05-01,DAIHATSU,14766,12093,12260
2014-05-01,HONDA,14436,14816,16356
2014-05-01,MITSUBISHI,10492,9609,10600
2014-05-01,SUZUKI,13223,11401,12662
2014-05-01,TOYOTA,33333,39216,31440
2014-06-01,DAIHATSU,16001,15725,15921
2014-06-01,HONDA,14479,16648,17215
2014-06-01,MITSUBISHI,12675,9941,11398
2014-06-01,SUZUKI,14504,12622,12510
2014-06-01,TOYOTA,35733,50094,39107
2014-07-01,DAIHATSU,15386,15891,16141
2014-07-01,HONDA,12217,12174,12986
2014-07-01,MITSUBISHI,10124,5808,9442
2014-07-01,SUZUKI,13010,11046,12001
2014-07-01,TOYOTA,31282,38344,28757
2014-08-01,DAIHATSU,14594,14602,14701
2014-08-01,HONDA,12500,16434,14799
2014-08-01,MITSUBISHI,10069,8696,10627
2014-08-01,SUZUKI,11296,14230,12512
2014-08-01,TOYOTA,30045,46358,30273
2014-09-01,DAIHATSU,15050,15625,15750
2014-09-01,HONDA,15128,14785,16327
2014-09-01,MITSUBISHI,12842,10914,12421
2014-09-01,SUZUKI,13167,16669,14311
2014-09-01,TOYOTA,31172,46027,29247
2014-10-01,DAIHATSU,15100,15329,15550
2014-10-01,HONDA,12864,15405,14896
2014-10-01,MITSUBISHI,12749,9880,11795
2014-10-01,SUZUKI,12500,16764,15159
2014-10-01,TOYOTA,30042,48305,31538
2014-11-01,DAIHATSU,15512,14376,14593
2014-11-01,HONDA,11557,11087,12418
2014-11-01,MITSUBISHI,11351,9333,11463
2014-11-01,SUZUKI,12378,14610,9703
2014-11-01,TOYOTA,30406,41289,28835
2014-12-01,DAIHATSU,15378,13167,13168
2014-12-01,HONDA,14478,11098,5047
2014-12-01,MITSUBISHI,13163,6269,9607
2014-12-01,SUZUKI,15134,11072,10045
2014-12-01,TOYOTA,32135,38873,27123
2015-01-01,DAIHATSU,14701,14342,14536
2015-01-01,HONDA,11354,12794,4483
2015-01-01,MITSUBISHI,10257,10838,11365
2015-01-01,SUZUKI,11687,9506,12683
2015-01-01,TOYOTA,22555,42493,27166
2015-02-01,DAIHATSU,12980,14139,14523
2015-02-01,HONDA,16138,10986,3147
2015-02-01,MITSUBISHI,8968,8817,11220
2015-02-01,SUZUKI,8909,9631,10017
2015-02-01,TOYOTA,23637,39068,26743
2015-03-01,DAIHATSU,13783,15913,16258
2015-03-01,HONDA,17865,11845,4183
2015-03-01,MITSUBISHI,11045,10208,10212
2015-03-01,SUZUKI,10133,12276,12387
2015-03-01,TOYOTA,28435,45514,31790
2015-04-01,DAIHATSU,14192,14496,14855
2015-04-01,HONDA,12123,9557,2849
2015-04-01,MITSUBISHI,8921,7479,9662
2015-04-01,SUZUKI,10890,13029,8019
2015-04-01,TOYOTA,29713,44367,30050
2015-05-01,DAIHATSU,14513,14195,14486
2015-05-01,HONDA,12229,10548,3954
2015-05-01,MITSUBISHI,9422,7532,9126
2015-05-01,SUZUKI,10391,11032,10017
2015-05-01,TOYOTA,31577,36660,23221
2015-06-01,DAIHATSU,15347,13909,14221
2015-06-01,HONDA,13000,14925,4948
2015-06-01,MITSUBISHI,11223,3734,8748
2015-06-01,SUZUKI,10770,11081,9669
2015-06-01,TOYOTA,31746,40177,23960
2015-07-01,DAIHATSU,11748,8323,8744
2015-07-01,HONDA,10253,8899,2651
2015-07-01,MITSUBISHI,7762,4841,7087
2015-07-01,SUZUKI,9466,9082,9803
2015-07-01,TOYOTA,19902,22857,13488
2015-08-01,DAIHATSU,12166,14958,15808
2015-08-01,HONDA,13100,13766,3007
2015-08-01,MITSUBISHI,9352,6940,9408
2015-08-01,SUZUKI,9909,11243,9916
2015-08-01,TOYOTA,21888,50250,31986
2015-09-01,DAIHATSU,13579,12788,13293
2015-09-01,HONDA,15175,13995,3891
2015-09-01,MITSUBISHI,10202,8408,10564
2015-09-01,SUZUKI,10046,10739,10017
2015-09-01,TOYOTA,26514,51642,32403
2015-10-01,DAIHATSU,14163,13573,13999
2015-10-01,HONDA,13589,14350,4123
2015-10-01,MITSUBISHI,9877,7875,9835
2015-10-01,SUZUKI,9514,12082,9405
2015-10-01,TOYOTA,28880,40638,29826
2015-11-01,DAIHATSU,14345,13808,14144
2015-11-01,HONDA,14232,14317,4760
2015-11-01,MITSUBISHI,9153,7108,8723
2015-11-01,SUZUKI,9336,10922,9288
2015-11-01,TOYOTA,30513,35402,29592
2015-12-01,DAIHATSU,15050,12871,12941
2015-12-01,HONDA,17200,12114,4130
2015-12-01,MITSUBISHI,9798,3160,6577
2015-12-01,SUZUKI,11297,10344,10584
2015-12-01,TOYOTA,30579,22221,21541
2016-01-01,DAIHATSU,14505,13034,13184
2016-01-01,HONDA,13288,18152,17286
2016-01-01,MITSUBISHI,8356,7810,7253
2016-01-01,SUZUKI,11124,10573,10485
2016-01-01,TOYOTA,25381,33913,24781
2016-02-01,DAIHATSU,13567,14451,14764
2016-02-01,HONDA,17659,18517,16609
2016-02-01,MITSUBISHI,7709,6633,7313
2016-02-01,SUZUKI,8182,9037,9275
2016-02-01,TOYOTA,30440,34898,25352
2016-03-01,DAIHATSU,14227,14029,14504
2016-03-01,HONDA,19152,19398,18303
2016-03-01,MITSUBISHI,10635,6771,7075
2016-03-01,SUZUKI,8846,10646,9099
2016-03-01,TOYOTA,29803,43668,29931
2016-04-01,DAIHATSU,15097,14055,14402
2016-04-01,HONDA,11559,17526,13423
2016-04-01,MITSUBISHI,9610,6729,6152
2016-04-01,SUZUKI,7042,11396,8019
2016-04-01,TOYOTA,31626,46967,30917
2016-05-01,DAIHATSU,15211,15637,15928
2016-05-01,HONDA,13846,17407,15746
2016-05-01,MITSUBISHI,6888,6385,6003
2016-05-01,SUZUKI,7561,10760,6172
2016-05-01,TOYOTA,33624,47629,31559
2016-06-01,DAIHATSU,16503,16245,16728
2016-06-01,HONDA,16876,19053,18224
2016-06-01,MITSUBISHI,8331,6296,5536
2016-06-01,SUZUKI,8341,10273,6633
2016-06-01,TOYOTA,36564,46163,31366
2016-07-01,DAIHATSU,12575,10335,10689
2016-07-01,HONDA,10500,8019,8446
2016-07-01,MITSUBISHI,5678,4132,4449
2016-07-01,SUZUKI,5233,6547,5040
2016-07-01,TOYOTA,21563,34698,24604
2016-08-01,DAIHATSU,16153,16314,16800
2016-08-01,HONDA,19019,16316,15772
2016-08-01,MITSUBISHI,8215,4844,6646
2016-08-01,SUZUKI,6914,9477,6453
2016-08-01,TOYOTA,36041,51497,38662
2016-09-01,DAIHATSU,17419,16069,16557
2016-09-01,HONDA,15006,14667,14864
2016-09-01,MITSUBISHI,9003,4788,7416
2016-09-01,SUZUKI,7144,9118,6595
2016-09-01,TOYOTA,35137,50930,36865
2016-10-01,DAIHATSU,17183,19169,19558
2016-10-01,HONDA,17495,15657,15981
2016-10-01,MITSUBISHI,8469,4660,6709
2016-10-01,SUZUKI,7645,9047,7200
2016-10-01,TOYOTA,34499,49887,33993
2016-11-01,DAIHATSU,17237,19666,20107
2016-11-01,HONDA,16376,15743,15324
2016-11-01,MITSUBISHI,8516,4975,6601
2016-11-01,SUZUKI,8516,8436,8568
2016-11-01,TOYOTA,36755,54098,40426
2016-12-01,DAIHATSU,22733,16327,16462
2016-12-01,HONDA,19453,14819,13244
2016-12-01,MITSUBISHI,8828,3355,6061
2016-12-01,SUZUKI,11324,7933,9411
2016-12-01,TOYOTA,36771,43067,31840
2017-01-01,DAIHATSU,14426,16443,15826
2017-01-01,HONDA,10627,16229,16896
2017-01-01,MITSUBISHI,8517,6098,7982
2017-01-01,SUZUKI,7002,7818,7119
2017-01-01,TOYOTA,31226,46840,32377
2017-02-01,DAIHATSU,14293,17563,17755
2017-02-01,HONDA,13084,15712,16284
2017-02-01,MITSUBISHI,8483,6812,9069
2017-02-01,SUZUKI,7011,10525,8069
2017-02-01,TOYOTA,29281,50241,36147
2017-03-01,DAIHATSU,15341,15881,16149
2017-03-01,HONDA,19500,17766,19837
2017-03-01,MITSUBISHI,9809,6994,8868
2017-03-01,SUZUKI,8280,10774,9216
2017-03-01,TOYOTA,33212,53507,38656
2017-04-01,DAIHATSU,15015,15138,15535
2017-04-01,HONDA,12062,15560,14678
2017-04-01,MITSUBISHI,6906,6493,8039
2017-04-01,SUZUKI,7506,9816,10152
2017-04-01,TOYOTA,30407,49009,33328
2017-05-01,DAIHATSU,16108,15299,15613
2017-05-01,HONDA,16407,17364,16723
2017-05-01,MITSUBISHI,10090,7124,11217
2017-05-01,SUZUKI,9752,10128,9207
2017-05-01,TOYOTA,33809,49360,32806
2017-06-01,DAIHATSU,13903,13262,13409
2017-06-01,HONDA,14819,7955,8843
2017-06-01,MITSUBISHI,8241,5563,7859
2017-06-01,SUZUKI,8501,7147,8001
2017-06-01,TOYOTA,27789,35109,21974
2017-07-01,DAIHATSU,14314,14382,14618
2017-07-01,HONDA,14365,12420,12677
2017-07-01,MITSUBISHI,8478,7151,8345
2017-07-01,SUZUKI,9747,7997,10126
2017-07-01,TOYOTA,29868,46568,31621
2017-08-01,DAIHATSU,15890,15597,15821
2017-08-01,HONDA,15027,18335,17690
2017-08-01,MITSUBISHI,9876,8908,9185
2017-08-01,SUZUKI,10008,8860,10035
2017-08-01,TOYOTA,29949,50068,34690
2017-09-01,DAIHATSU,14940,15307,15507
2017-09-01,HONDA,14696,14266,15112
2017-09-01,MITSUBISHI,12150,10418,10934
2017-09-01,SUZUKI,9028,9200,9126
2017-09-01,TOYOTA,26621,42825,27251
2017-10-01,DAIHATSU,15622,16552,16760
2017-10-01,HONDA,13520,16282,17023
2017-10-01,MITSUBISHI,10529,11834,11831
2017-10-01,SUZUKI,9018,11559,9594
2017-10-01,TOYOTA,29321,48919,29979
2017-11-01,DAIHATSU,16003,16148,16360
2017-11-01,HONDA,16341,16432,15811
2017-11-01,MITSUBISHI,14124,14494,15291
2017-11-01,SUZUKI,10032,12030,11007
2017-11-01,TOYOTA,33644,46376,28797
2017-12-01,DAIHATSU,19385,12934,13028
2017-12-01,HONDA,20523,13176,15285
2017-12-01,MITSUBISHI,14785,10236,12775
2017-12-01,SUZUKI,11300,10539,10008
2017-12-01,TOYOTA,34888,33665,23706
2018-01-01,DAIHATSU,15896,18803,17470
2018-01-01,HONDA,13764,16287,13216
2018-01-01,MITSUBISHI,16057,20718,32442
2018-01-01,SUZUKI,10614,10818,10522
2018-01-01,TOYOTA,28495,40726,21092
2018-02-01,DAIHATSU,15333,15453,14607
2018-02-01,HONDA,14002,9361,11798
2018-02-01,MITSUBISHI,16022,16882,32224
2018-02-01,SUZUKI,8520,10937,10632
2018-02-01,TOYOTA,27774,39756,23452
2018-03-01,DAIHATSU,17091,16988,15906
2018-03-01,HONDA,16323,9695,10675
2018-03-01,MITSUBISHI,20966,17542,34218
2018-03-01,SUZUKI,10020,12061,8818
2018-03-01,TOYOTA,30293,44060,26356
2018-04-01,DAIHATSU,16560,18799,17744
2018-04-01,HONDA,14149,16170,16516
2018-04-01,MITSUBISHI,14856,16396,32222
2018-04-01,SUZUKI,9448,9459,8196
2018-04-01,TOYOTA,30076,47035,23992
2018-05-01,DAIHATSU,18061,17664,16506
2018-05-01,HONDA,14613,14549,13963
2018-05-01,MITSUBISHI,17134,17172,29052
2018-05-01,SUZUKI,11355,11662,11521
2018-05-01,TOYOTA,32979,43544,23548
2018-06-01,DAIHATSU,12359,6639,6011
2018-06-01,HONDA,11600,7043,8859
2018-06-01,MITSUBISHI,11227,11710,17426
2018-06-01,SUZUKI,7519,8244,6686
2018-06-01,TOYOTA,22002,30570,15629
2018-07-01,DAIHATSU,16219,17790,16452
2018-07-01,HONDA,12675,14778,15048
2018-07-01,MITSUBISHI,17919,21516,34688
2018-07-01,SUZUKI,10509,13775,9284
2018-07-01,TOYOTA,31605,51774,30746
2018-08-01,DAIHATSU,17007,17382,16233
2018-08-01,HONDA,13323,14474,14568
2018-08-01,MITSUBISHI,17172,20043,30676
2018-08-01,SUZUKI,10479,10108,9827
2018-08-01,TOYOTA,30273,48811,27352
2018-09-01,DAIHATSU,16190,17041,15939
2018-09-01,HONDA,11424,12382,10613
2018-09-01,MITSUBISHI,16872,19608,29496
2018-09-01,SUZUKI,9211,10190,8062
2018-09-01,TOYOTA,28304,44441,25794
2018-10-01,DAIHATSU,16265,21029,19302
2018-10-01,HONDA,11940,15986,15155
2018-10-01,MITSUBISHI,16894,20761,28028
2018-10-01,SUZUKI,9766,10596,7835
2018-10-01,TOYOTA,28622,53260,31441
2018-11-01,DAIHATSU,17585,17601,16646
2018-11-01,HONDA,13189,15076,15632
2018-11-01,MITSUBISHI,17273,20131,25238
2018-11-01,SUZUKI,9140,8083,9565
2018-11-01,TOYOTA,30533,47568,26196
2018-12-01,DAIHATSU,21612,16198,15254
2018-12-01,HONDA,15954,10820,13012
2018-12-01,MITSUBISHI,15545,15308,21810
2018-12-01,SUZUKI,10107,8261,8076
2018-12-01,TOYOTA,35107,40028,22194
2019-01-01,DAIHATSU,16274,14670,14769
2019-01-01,HONDA,12190,10842,10064
2019-01-01,MITSUBISHI,15543,24067,16383
2019-01-01,SUZUKI,9244,7399,8271
2019-01-01,TOYOTA,25248,40834,25081
2019-02-01,DAIHATSU,15145,16158,16305
2019-02-01,HONDA,12828,9207,10637
2019-02-01,MITSUBISHI,14314,20354,14620
2019-02-01,SUZUKI,7002,5210,8307
2019-02-01,TOYOTA,23226,35370,23443
2019-03-01,DAIHATSU,16071,19451,19625
2019-03-01,HONDA,15179,10188,8144
2019-03-01,MITSUBISHI,14559,20989,16121
2019-03-01,SUZUKI,7321,13114,6291
2019-03-01,TOYOTA,27608,41806,28732
2019-04-01,DAIHATSU,13216,15943,16126
2019-04-01,HONDA,10260,9245,11631
2019-04-01,MITSUBISHI,13674,18996,10076
2019-04-01,SUZUKI,8145,9002,7677
2019-04-01,TOYOTA,26611,44078,29408
2019-05-01,DAIHATSU,17486,13967,14178
2019-05-01,HONDA,12486,10282,11048
2019-05-01,MITSUBISHI,12626,18034,11761
2019-05-01,SUZUKI,9633,8723,8775
2019-05-01,TOYOTA,31871,45406,29103
2019-06-01,DAIHATSU,9834,5921,6020
2019-06-01,HONDA,8596,7421,7563
2019-06-01,MITSUBISHI,10863,13894,11968
2019-06-01,SUZUKI,6730,6414,7236
2019-06-01,TOYOTA,22123,30351,18541
2019-07-01,DAIHATSU,12805,12773,13013
2019-07-01,HONDA,12702,12632,13894
2019-07-01,MITSUBISHI,14152,23551,14600
2019-07-01,SUZUKI,9307,12722,8172
2019-07-01,TOYOTA,28179,49919,29362
2019-08-01,DAIHATSU,13696,15246,15415
2019-08-01,HONDA,13127,11939,11909
2019-08-01,MITSUBISHI,13730,22194,14240
2019-08-01,SUZUKI,9114,12159,8622
2019-08-01,TOYOTA,28022,50024,28929
2019-09-01,DAIHATSU,13112,17377,17537
2019-09-01,HONDA,12323,12065,12431
2019-09-01,MITSUBISHI,11943,21747,12712
2019-09-01,SUZUKI,8326,12651,8118
2019-09-01,TOYOTA,26529,48273,31831
2019-10-01,DAIHATSU,15578,17391,17530
2019-10-01,HONDA,12375,14132,14503
2019-10-01,MITSUBISHI,13363,20847,13983
2019-10-01,SUZUKI,8501,12626,8721
2019-10-01,TOYOTA,28495,48412,30944
2019-11-01,DAIHATSU,16214,15737,15911
2019-11-01,HONDA,13010,12967,13210
2019-11-01,MITSUBISHI,13862,19095,11974
2019-11-01,SUZUKI,9141,12200,10077
2019-11-01,TOYOTA,29672,42761,28970
2019-12-01,DAIHATSU,18157,10855,10855
2019-12-01,HONDA,14363,12327,12305
2019-12-01,MITSUBISHI,12042,14151,13327
2019-12-01,SUZUKI,10401,12438,10116
2019-12-01,TOYOTA,33420,39360,27453
2020-01-01,DAIHATSU,14582,14162,14173
2020-01-01,HONDA,12603,12902,12777
2020-01-01,MITSUBISHI,11409,20890,12295
2020-01-01,SUZUKI,10120,14361,10512
2020-01-01,TOYOTA,24928,41261,24119
2020-02-01,DAIHATSU,13658,15699,15778
2020-02-01,HONDA,11918,12309,11373
2020-02-01,MITSUBISHI,11249,15786,10903
2020-02-01,SUZUKI,8144,13634,8613
2020-02-01,TOYOTA,23884,38730,25053
2020-03-01,DAIHATSU,10946,17972,18162
2020-03-01,HONDA,10657,12306,12068
2020-03-01,MITSUBISHI,7923,17473,10359
2020-03-01,SUZUKI,7161,12644,5085
2020-03-01,TOYOTA,17787,43222,26191
2020-04-01,DAIHATSU,5160,1330,1330
2020-04-01,HONDA,1855,3689,1183
2020-04-01,MITSUBISHI,3822,2863,1113
2020-04-01,SUZUKI,2700,2946,1042
2020-04-01,TOYOTA,8443,8590,2053
2020-05-01,DAIHATSU,3673,0,0
2020-05-01,HONDA,1291,52,101
2020-05-01,MITSUBISHI,1157,0,919
2020-05-01,SUZUKI,2205,561,779
2020-05-01,TOYOTA,6727,1357,695
2020-06-01,DAIHATSU,5558,333,331
2020-06-01,HONDA,2488,0,1267
2020-06-01,MITSUBISHI,3280,302,2404
2020-06-01,SUZUKI,4206,3284,2755
2020-06-01,TOYOTA,11196,12116,3705
2020-07-01,DAIHATSU,5890,1553,1553
2020-07-01,HONDA,4036,126,2016
2020-07-01,MITSUBISHI,4697,3066,4690
2020-07-01,SUZUKI,5432,6514,6369
2020-07-01,TOYOTA,11531,11089,7224
2020-08-01,DAIHATSU,6300,6632,6651
2020-08-01,HONDA,4865,2282,3047
2020-08-01,MITSUBISHI,5011,4517,4867
2020-08-01,SUZUKI,5259,1273,3501
2020-08-01,TOYOTA,11057,13166,8223
2020-09-01,DAIHATSU,7721,11182,11204
2020-09-01,HONDA,5835,4846,5856
2020-09-01,MITSUBISHI,6208,7600,6630
2020-09-01,SUZUKI,5710,8666,6246
2020-09-01,TOYOTA,12523,25465,12845
2020-10-01,DAIHATSU,8135,8281,8289
2020-10-01,HONDA,6561,7868,7732
2020-10-01,MITSUBISHI,6891,10901,7118
2020-10-01,SUZUKI,5715,8150,5143
2020-10-01,TOYOTA,13466,28840,15968
2020-11-01,DAIHATSU,9200,6716,6772
2020-11-01,HONDA,7455,7956,8448
2020-11-01,MITSUBISHI,7454,11304,8743
2020-11-01,SUZUKI,7232,10656,8217
2020-11-01,TOYOTA,17908,31959,14794
2020-12-01,DAIHATSU,9203,6479,6481
2020-12-01,HONDA,9887,7116,7447
2020-12-01,MITSUBISHI,9667,8964,9224
2020-12-01,SUZUKI,8505,9105,7868
2020-12-01,TOYOTA,23215,32575,18249
2021-01-01,DAIHATSU,9528,8988,8993
2021-01-01,HONDA,7068,7180,7231
2021-01-01,MITSUBISHI,8857,12779,9108
2021-01-01,SUZUKI,6192,10098,6400
2021-01-01,TOYOTA,15292,32469,15474
2021-02-01,DAIHATSU,8414,10747,9412
2021-02-01,HONDA,6018,6912,6812
2021-02-01,MITSUBISHI,8182,11904,7567
2021-02-01,SUZUKI,5132,8428,4600
2021-02-01,TOYOTA,12537,34405,14861
2021-03-01,DAIHATSU,12368,15076,16770
2021-03-01,HONDA,10048,10539,11350
2021-03-01,MITSUBISHI,11592,19037,13088
2021-03-01,SUZUKI,8179,12142,8669
2021-03-01,TOYOTA,26445,38643,26160
2021-04-01,DAIHATSU,13673,15752,15861
2021-04-01,HONDA,10189,7935,8474
2021-04-01,MITSUBISHI,12669,16218,13820
2021-04-01,SUZUKI,7575,10322,8100
2021-04-01,TOYOTA,25902,35573,22863
2021-05-01,DAIHATSU,10735,8252,8310
2021-05-01,HONDA,8538,5208,5832
2021-05-01,MITSUBISHI,9598,11242,10160
2021-05-01,SUZUKI,6578,6977,5341
2021-05-01,TOYOTA,21117,25925,17687
2021-06-01,DAIHATSU,12514,15446,15481
2021-06-01,HONDA,7578,9759,8782
2021-06-01,MITSUBISHI,10981,14892,8277
2021-06-01,SUZUKI,7272,11177,8965
2021-06-01,TOYOTA,19392,40035,22833
2021-07-01,DAIHATSU,10170,9282,9284
2021-07-01,HONDA,8234,8263,9030
2021-07-01,MITSUBISHI,11323,12058,13453
2021-07-01,SUZUKI,6508,8191,6274
2021-07-01,TOYOTA,21933,30601,21270
2021-08-01,DAIHATSU,12199,14408,14408
2021-08-01,HONDA,7341,7108,7337
2021-08-01,MITSUBISHI,11200,18170,13720
2021-08-01,SUZUKI,9013,11396,10021
2021-08-01,TOYOTA,28169,43018,29177
2021-09-01,DAIHATSU,14187,17297,17529
2021-09-01,HONDA,3362,3002,3453
2021-09-01,MITSUBISHI,12320,16480,12200
2021-09-01,SUZUKI,7355,12869,7515
2021-09-01,TOYOTA,26454,45295,33548
2021-10-01,DAIHATSU,14301,16932,17020
2021-10-01,HONDA,6104,5852,5861
2021-10-01,MITSUBISHI,12174,15139,13109
2021-10-01,SUZUKI,6819,10363,7624
2021-10-01,TOYOTA,28367,40634,21311
2021-11-01,DAIHATSU,14861,15616,16045
2021-11-01,HONDA,7005,8016,7201
2021-11-01,MITSUBISHI,12437,16759,11410
2021-11-01,SUZUKI,8714,12825,8512
2021-11-01,TOYOTA,30651,48058,32935
2021-12-01,DAIHATSU,18157,16023,15795
2021-12-01,HONDA,9908,10301,9759
2021-12-01,MITSUBISHI,17449,18029,18211
2021-12-01,SUZUKI,10259,12944,9772
2021-12-01,TOYOTA,34240,50778,31955
2022-01-01,DAIHATSU,17506,18095,17660
2022-01-01,HONDA,7727,10318,10883
2022-01-01,MITSUBISHI,13517,18526,14586
2022-01-01,SUZUKI,7465,11926,7017
2022-01-01,TOYOTA,22906,48414,22493
2022-02-01,DAIHATSU,13122,15037,14638
2022-02-01,HONDA,8478,12066,11407
2022-02-01,MITSUBISHI,12685,16736,12323
2022-02-01,SUZUKI,6000,11259,6750
2022-02-01,TOYOTA,21187,46145,24087
2022-03-01,DAIHATSU,16318,17464,16969
2022-03-01,HONDA,9554,12441,12975
2022-03-01,MITSUBISHI,13684,18941,13299
2022-03-01,SUZUKI,7765,14160,8604
2022-03-01,TOYOTA,30935,59156,32408
2022-04-01,DAIHATSU,15401,15539,15533
2022-04-01,HONDA,10289,9863,10149
2022-04-01,MITSUBISHI,13192,5552,12340
2022-04-01,SUZUKI,6508,10341,5801
2022-04-01,TOYOTA,25789,47033,27284
2022-05-01,DAIHATSU,11364,6978,6981
2022-05-01,HONDA,7758,8145,8114
2022-05-01,MITSUBISHI,9115,8974,6729
2022-05-01,SUZUKI,6316,10118,6026
2022-05-01,TOYOTA,18000,26952,12984
2022-06-01,DAIHATSU,17054,16827,16764
2022-06-01,HONDA,10104,9013,9057
2022-06-01,MITSUBISHI,10925,14836,7890
2022-06-01,SUZUKI,7006,13641,7215
2022-06-01,TOYOTA,27385,49489,26838
2022-07-01,DAIHATSU,16268,15875,15673
2022-07-01,HONDA,10523,9233,9599
2022-07-01,MITSUBISHI,9155,19088,11756
2022-07-01,SUZUKI,6771,11927,7467
2022-07-01,TOYOTA,26502,47740,28829
2022-08-01,DAIHATSU,16551,15211,15282
2022-08-01,HONDA,10983,10579,11427
2022-08-01,MITSUBISHI,11095,20478,13808
2022-08-01,SUZUKI,7816,12947,8064
2022-08-01,TOYOTA,29996,56488,30103
2022-09-01,DAIHATSU,17310,18602,18472
2022-09-01,HONDA,12977,13300,13374
2022-09-01,MITSUBISHI,10336,18843,9461
2022-09-01,SUZUKI,7902,11055,7651
2022-09-01,TOYOTA,31190,59372,32760
2022-10-01,DAIHATSU,16433,17290,17089
2022-10-01,HONDA,11590,10185,9962
2022-10-01,MITSUBISHI,9550,15755,9188
2022-10-01,SUZUKI,7605,11230,7663
2022-10-01,TOYOTA,30217,59012,33153
2022-11-01,DAIHATSU,15122,20915,20496
2022-11-01,HONDA,12137,12629,11691
2022-11-01,MITSUBISHI,11032,18796,10704
2022-11-01,SUZUKI,8218,12041,8160
2022-11-01,TOYOTA,28031,49184,25670
2022-12-01,DAIHATSU,16211,24125,23165
2022-12-01,HONDA,13291,13326,12642
2022-12-01,MITSUBISHI,12047,14891,14654
2022-12-01,SUZUKI,9695,10590,9990
2022-12-01,TOYOTA,37360,53434,26935
2023-01-01,DAIHATSU,22053,17782,12684
2023-01-01,HONDA,11018,15666,15287
2023-01-01,MITSUBISHI,11586,18491,9831
2023-01-01,SUZUKI,8083,11173,5768
2023-01-01,TOYOTA,25555,54533,26696
2023-02-01,DAIHATSU,17013,16187,10970
2023-02-01,HONDA,12069,13798,13903
2023-02-01,MITSUBISHI,10776,17044,8513
2023-02-01,SUZUKI,6922,10628,6197
2023-02-01,TOYOTA,25250,51149,24911
2023-03-01,DAIHATSU,18501,19754,13637
2023-03-01,HONDA,14614,15593,15993
2023-03-01,MITSUBISHI,11670,19535,9174
2023-03-01,SUZUKI,7634,12014,7512
2023-03-01,TOYOTA,30008,51208,25678
2023-04-01,DAIHATSU,14001,10690,7596
2023-04-01,HONDA,8246,6021,4673
2023-04-01,MITSUBISHI,7933,10721,6216
2023-04-01,SUZUKI,4918,6038,4363
2023-04-01,TOYOTA,24134,30537,18134
2023-05-01,DAIHATSU,15625,15980,10712
2023-05-01,HONDA,11391,10319,10580
2023-05-01,MITSUBISHI,9739,18083,6364
2023-05-01,SUZUKI,6868,10900,5402
2023-05-01,TOYOTA,25791,47765,22004
2023-06-01,DAIHATSU,15322,18101,10917
2023-06-01,HONDA,10459,11647,11080
2023-06-01,MITSUBISHI,8899,16633,6200
2023-06-01,SUZUKI,6808,10214,7227
2023-06-01,TOYOTA,26092,42795,20326
2023-07-01,DAIHATSU,15373,15805,8611
2023-07-01,HONDA,9009,11612,10160
2023-07-01,MITSUBISHI,7647,17628,6539
2023-07-01,SUZUKI,6305,9749,5139
2023-07-01,TOYOTA,25908,51381,23954
2023-08-01,DAIHATSU,16335,17450,9568
2023-08-01,HONDA,10050,12554,10916
2023-08-01,MITSUBISHI,10779,16572,8243
2023-08-01,SUZUKI,7040,8979,5980
2023-08-01,TOYOTA,28104,52696,25088
2023-09-01,DAIHATSU,15402,15007,8594
2023-09-01,HONDA,10170,10580,10588
2023-09-01,MITSUBISHI,9052,14330,7036
2023-09-01,SUZUKI,6342,7569,5860
2023-09-01,TOYOTA,26600,49928,21017
2023-10-01,DAIHATSU,14646,14092,8208
2023-10-01,HONDA,9611,10780,11307
2023-10-01,MITSUBISHI,7948,15005,6690
2023-10-01,SUZUKI,6732,8504,5502
2023-10-01,TOYOTA,28003,53065,21298
2023-11-01,DAIHATSU,14752,13524,7466
2023-11-01,HONDA,10165,9768,10307
2023-11-01,MITSUBISHI,9231,14019,6600
2023-11-01,SUZUKI,6471,7592,6602
2023-11-01,TOYOTA,29125,54443,24622
2023-12-01,DAIHATSU,15085,12805,7178
2023-12-01,HONDA,11208,5424,7955
2023-12-01,MITSUBISHI,9815,8457,6001
2023-12-01,SUZUKI,8121,6766,6653
2023-12-01,TOYOTA,30825,49762,24897
2024-01-01,DAIHATSU,16976,14381,7348
2024-01-01,HONDA,10019,8415,3222
2024-01-01,MITSUBISHI,8644,16366,5076
2024-01-01,SUZUKI,6503,6895,3242
2024-01-01,TOYOTA,24686,45381,10385
2024-02-01,DAIHATSU,14819,15100,6020
2024-02-01,HONDA,9019,8347,3829
2024-02-01,MITSUBISHI,8362,12559,4349
2024-02-01,SUZUKI,5760,5748,2999
2024-02-01,TOYOTA,22142,41531,10769
2024-03-01,DAIHATSU,17352,16538,6590
2024-03-01,HONDA,10706,7757,5212
2024-03-01,MITSUBISHI,9164,8296,4708
2024-03-01,SUZUKI,6550,5987,3503
2024-03-01,TOYOTA,26142,36117,12300
2024-04-01,DAIHATSU,12419,9469,7510
2024-04-01,HONDA,6507,5248,3435
2024-04-01,MITSUBISHI,7037,9547,4898
2024-04-01,SUZUKI,5004,5117,2555
2024-04-01,TOYOTA,19577,31506,9115
2024-05-01,DAIHATSU,14747,14972,9336
2024-05-01,HONDA,7805,7459,5055
2024-05-01,MITSUBISHI,8142,12387,5522
2024-05-01,SUZUKI,6110,6050,2736
2024-05-01,TOYOTA,24074,43676,9469
2024-06-01,DAIHATSU,13065,14969,7716
2024-06-01,HONDA,7625,6839,2875
2024-06-01,MITSUBISHI,8792,12630,4931
2024-06-01,SUZUKI,5017,6092,2198
2024-06-01,TOYOTA,23987,40813,10806
2024-07-01,DAIHATSU,13845,14035,7908
2024-07-01,HONDA,7709,8940,3703
2024-07-01,MITSUBISHI,8522,14758,5335
2024-07-01,SUZUKI,5476,6668,2557
2024-07-01,TOYOTA,25815,47992,13466
2024-08-01,DAIHATSU,14135,14067,7984
2024-08-01,HONDA,8515,8323,3574
2024-08-01,MITSUBISHI,8413,15094,6498
2024-08-01,SUZUKI,5403,7386,2582
2024-08-01,TOYOTA,25624,47356,11039
2024-09-01,DAIHATSU,12490,12731,7940
2024-09-01,HONDA,7609,8101,4418
2024-09-01,MITSUBISHI,8329,16833,6685
2024-09-01,SUZUKI,5119,6025,2677
2024-09-01,TOYOTA,25561,44005,9910
2024-10-01,DAIHATSU,13101,14140,7209
2024-10-01,HONDA,8048,9995,4317
2024-10-01,MITSUBISHI,8125,16973,6064
2024-10-01,SUZUKI,5330,6434,2773
2024-10-01,TOYOTA,24820,47750,10016
2024-11-01,DAIHATSU,12113,10041,7145
2024-11-01,HONDA,8765,8194,2824
2024-11-01,MITSUBISHI,8462,14536,6494
2024-11-01,SUZUKI,6240,5797,2943
2024-11-01,TOYOTA,25860,46317,11402
2024-12-01,DAIHATSU,13201,13066,7221
2024-12-01,HONDA,10696,7946,1831
2024-12-01,MITSUBISHI,9721,14381,5499
2024-12-01,SUZUKI,6880,5238,3820
2024-12-01,TOYOTA,25500,44553,11571
2025-01-01,DAIHATSU,11305,9983,5755
2025-01-01,HONDA,8757,6075,3932
2025-01-01,MITSUBISHI,6479,13374,5916
2025-01-01,SUZUKI,4525,5749,3370
2025-01-01,TOYOTA,21553,45837,14234
2025-02-01,DAIHATSU,12501,11952,7126
2025-02-01,HONDA,7754,5917,3757
2025-02-01,MITSUBISHI,8323,19166,7707
2025-02-01,SUZUKI,5068,5129,3047
2025-02-01,TOYOTA,22222,41993,16224
2025-03-01,DAIHATSU,13111,13048,6371
2025-03-01,HONDA,8165,6351,2380
2025-03-01,MITSUBISHI,8301,14358,7380
2025-03-01,SUZUKI,5006,5759,3223
2025-03-01,TOYOTA,24514,40445,13709
2025-04-01,DAIHATSU,9801,8864,6075
2025-04-01,HONDA,4539,2308,1588
2025-04-01,MITSUBISHI,5960,11193,5197
2025-04-01,SUZUKI,4077,6382,2767
2025-04-01,TOYOTA,18619,36939,13779
2025-05-01,DAIHATSU,9997,11146,7537
2025-05-01,HONDA,4740,3940,3148
2025-05-01,MITSUBISHI,7396,15187,5897
2025-05-01,SUZUKI,4523,6494,2004
2025-05-01,TOYOTA,20161,39628,9312
2025-06-01,DAIHATSU,10001,9336,5992
2025-06-01,HONDA,5238,5274,2360
2025-06-01,MITSUBISHI,7626,16120,6501
2025-06-01,SUZUKI,4570,6665,3499
2025-06-01,TOYOTA,19824,40341,8712
2025-07-01,DAIHATSU,11220,10433,6353
2025-07-01,HONDA,5003,5140,4170
2025-07-01,MITSUBISHI,6811,17052,6121
2025-07-01,SUZUKI,5504,9039,2666
2025-07-01,TOYOTA,20185,48315,7616
