holiday,start_date,end_date
IIMS,2010-07-23,2010-08-01
IIMS,2011-07-22,2011-07-31
IIMS,2012-09-20,2012-09-30
IIMS,2013-09-19,2013-09-29
IIMS,2014-09-18,2014-09-28
IIMS,2015-08-20,2015-08-30
IIMS,2016-04-07,2016-04-17
IIMS,2017-04-27,2017-05-07
IIMS,2018-04-19,2018-04-29
IIMS,2019-04-25,2019-05-05
IIMS,2021-04-15,2021-04-25
IIMS,2022-03-31,2022-04-10
IIMS,2023-02-16,2023-02-26
IIMS,2024-02-15,2024-02-25
IIMS,2025-02-13,2025-02-23
GIIAS,2015-08-20,2015-08-30
GIIAS,2016-08-11,2016-08-21
GIIAS,2017-08-10,2017-08-20
GIIAS,2018-08-02,2018-08-12
GIIAS,2019-07-18,2019-07-28
GIIAS,2021-11-11,2021-11-21
GIIAS,2022-08-11,2022-08-21
GIIAS,2023-08-10,2023-08-20
GIIAS,2024-07-18,2024-07-28
GIIAS,2025-07-24,2025-08-03
